-- 数据导出 SQL
-- 导出时间: 2026-01-20T03:42:43.629Z

-- ========================================
-- 业务线 (business_lines)
-- ========================================

INSERT INTO business_lines (id, name, code, suffix, description, status, sort_order, created_at) VALUES
  ('f9bb2f85-d953-4c34-ad2d-e07525f2471d', 'HCG', 'HCG', 'HCG', '超休闲', true, 0, '2025-12-25T08:30:57.035Z'),
  ('ef6ec1a7-739d-4c83-a771-0dc2b065e88b', 'RWZ', 'RWZ', 'RWZ', 'ROBUX网赚游戏', true, 0, '2025-12-25T08:30:57.038Z'),
  ('ea72a531-0afe-4134-95d5-8660934ccb70', 'CPT', 'CPT', 'CPT', 'CPT工具', true, 0, '2025-12-25T08:30:57.040Z'),
  ('4ea6948b-1f19-4be3-942c-0d6d34d318e9', 'G007', 'G007', 'G007', '007游戏TW', true, 0, '2025-12-25T08:30:57.041Z'),
  ('931d4bd0-d49b-42e6-bd88-649e96801984', 'T007', 'T007', 'T007', '007工具TW', true, 0, '2025-12-25T08:30:57.043Z'),
  ('4ce305ea-6508-4991-af9e-5786041716c9', 'CWZ', 'CWZ', 'CWZ', '真金网赚', true, 0, '2025-12-25T08:30:57.047Z'),
  ('bdb59ebc-17ca-483b-ad21-98325674f33c', 'HMG', 'HMG', 'HMG', '混合变现游戏', true, 0, '2025-12-25T08:30:57.049Z'),
  ('f94c96dc-fbbb-42fd-92c7-669920c10d83', 'MCG', 'MCG', 'MCG', '中重度游戏', true, 0, '2025-12-25T08:30:57.051Z'),
  ('46e6f930-d2fb-407d-a1c1-6f1777d8a48c', 'GLC', 'GLC', 'GLC', 'Launcher游戏', true, 0, '2025-12-25T08:30:57.052Z'),
  ('9afcb9d1-58d1-4661-9d9c-016da33af56a', 'TLC', 'TLC', 'TLC', 'Launcher工具', true, 0, '2025-12-25T08:30:57.053Z'),
  ('9eeddfe1-8515-4cd8-b003-b8a411e42e6e', 'Remax', 'Remax', 'Remax', 'Remax', true, 0, '2025-12-25T08:30:57.055Z')
ON CONFLICT (code) DO NOTHING;

-- ========================================
-- 资产类型 (asset_types)
-- ========================================

INSERT INTO asset_types (id, name, code, category, description, status, sort_order, created_at, updated_at) VALUES
  ('9ec625bf-5735-41a4-b181-5f3fa3201ddf', '域名', 'domain', '网络资源', NULL, true, 0, '2025-12-25T08:30:57.058Z', '2025-12-25T08:30:57.058Z'),
  ('ed2f862f-2a36-4f28-b10f-5580b351e009', '手机号', 'phone', '通信资源', NULL, true, 0, '2025-12-25T08:30:57.061Z', '2025-12-25T08:30:57.061Z'),
  ('abce6033-02c8-4981-998e-851cdc214935', '云存储', 'cloud_storage', '存储资源', NULL, true, 0, '2025-12-25T08:30:57.062Z', '2025-12-25T08:30:57.062Z'),
  ('002df3ad-7cc7-4470-9536-83c410f84b83', '平台账号', 'platform_account', '账号资源', NULL, true, 0, '2025-12-25T08:30:57.064Z', '2025-12-25T08:30:57.064Z'),
  ('e6308e07-2e16-4882-a025-add9cc5ed8ee', '银行账户', 'bank_account', '金融资源', NULL, true, 0, '2025-12-25T08:30:57.066Z', '2025-12-25T08:30:57.066Z'),
  ('a1c769e5-5529-44cf-ac8e-870404ceb5bd', '支付信用卡', 'payment_card', '金融资源', NULL, true, 0, '2025-12-25T08:30:57.067Z', '2025-12-25T08:30:57.067Z'),
  ('0b7dda52-a4fe-41b8-8977-265906fc3324', '服务器', 'server', '技术资源', NULL, true, 0, '2025-12-25T08:30:57.068Z', '2025-12-25T08:30:57.068Z'),
  ('75bd47c1-dadd-4a76-8f2a-329b33a4b1b1', 'APP', 'app', '应用资源', NULL, true, 0, '2025-12-25T08:30:57.069Z', '2025-12-25T08:30:57.069Z'),
  ('521b68f0-7114-4f7a-8bd8-cdc3cb738e9b', '游戏', 'game', '应用资源', NULL, true, 0, '2025-12-25T08:30:57.071Z', '2025-12-25T08:30:57.071Z'),
  ('a6dc2a18-f43f-46ab-bdd4-2e487a225983', '工具', 'tool', '应用资源', NULL, true, 0, '2025-12-25T08:30:57.072Z', '2025-12-25T08:30:57.072Z'),
  ('f2ee15d8-cf8e-4204-99b4-55d772b01485', '公司主体', 'company', '组织资源', NULL, true, 0, '2025-12-25T08:30:57.074Z', '2025-12-25T08:30:57.074Z'),
  ('ba6f21ca-33a6-4010-b55d-a8365c0e99f1', '测试资产项', 'test_item', '组织资源', '这是一个测试资源', true, 0, '2026-01-12T06:16:06.571Z', '2026-01-12T06:16:06.571Z')
ON CONFLICT (code) DO NOTHING;

-- ========================================
-- 资产模板 (asset_templates)
-- ========================================

INSERT INTO asset_templates (id, asset_type_id, name, code, purpose, description, status, sort_order, created_at, updated_at) VALUES
  ('cce26e0e-228d-45a6-9a8f-9d5a4a928d50', '9ec625bf-5735-41a4-b181-5f3fa3201ddf', '数数上报域名分配', 'ss_web_map', '数数上报', '数数上报域名分配表格，测试修改 ', true, 12, '2026-01-12T07:01:30.236Z', '2026-01-16T09:48:26.960Z'),
  ('7d2fed44-bffd-4187-af63-56792e91e086', '9ec625bf-5735-41a4-b181-5f3fa3201ddf', '测试上传-表格', 'test_upload', '酷鸟云环境升级', '“酷鸟云环境升级”测试用', true, 1, '2026-01-14T07:36:13.157Z', '2026-01-14T07:36:13.157Z'),
  ('dea9f771-8141-4b98-9037-1f0b142dd9c2', '9ec625bf-5735-41a4-b181-5f3fa3201ddf', '游戏&工具 配套域名记录表 - 酷鸟云环境升级清单', NULL, NULL, NULL, true, 0, '2026-01-16T03:27:38.381Z', '2026-01-16T05:58:11.759Z'),
  ('e0848c3d-8aaa-48fe-a2ee-6e09473f7548', 'ed2f862f-2a36-4f28-b10f-5580b351e009', '电话清单', NULL, NULL, NULL, true, 0, '2026-01-16T06:29:07.099Z', '2026-01-16T06:29:07.099Z'),
  ('0baf4bc0-ea83-4053-9373-9dfdb3d231dd', '9ec625bf-5735-41a4-b181-5f3fa3201ddf', '游戏&工具 配套域名记录表 - 三方支付applink', NULL, NULL, NULL, true, 0, '2026-01-19T07:02:26.735Z', '2026-01-19T07:02:26.735Z')
ON CONFLICT (id) DO NOTHING;

-- ========================================
-- 用户 (users) - 注意：使用临时密码
-- ========================================

-- ⚠️ 所有导入的用户临时密码为：temp123456
-- ⚠️ 请在登录后立即修改密码！

-- 注意：如果用户已存在（如 admin@example.com），会跳过插入
-- 此时需要确保资产中的 owner_id 指向正确的用户 ID
-- 如果遇到外键错误，请先查询 Supabase 中的实际用户 ID，然后更新资产数据

INSERT INTO users (id, name, email, password, role, status, department, created_at, updated_at) VALUES
  ('b11f399e-fd69-43db-8339-83f4f9c0dd9e', '系统管理员', 'admin@example.com', '$2b$10$Vrhbukyx6Ou9baIzFA6scec6fNHiWi0R2fbIB43Hj4nqLUSYDt6n.', 'admin', 'active', 'IT', '2025-12-25T08:30:57.024Z', '2025-12-25T08:30:57.024Z'),
  ('38f7b695-81c8-4df1-9bf2-af8849ca1144', '张杰', 'zhangjie@example.com', '$2b$10$Vrhbukyx6Ou9baIzFA6scec6fNHiWi0R2fbIB43Hj4nqLUSYDt6n.', 'user', 'active', '技术部', '2026-01-14T10:50:13.333Z', '2026-01-14T10:50:13.333Z'),
  ('71ca49e6-7ba8-42d9-be5b-eb2f87136b34', '霍振威', 'huozhenwei@example.com', '$2b$10$Vrhbukyx6Ou9baIzFA6scec6fNHiWi0R2fbIB43Hj4nqLUSYDt6n.', 'user', 'active', '技术部', '2026-01-14T10:50:13.407Z', '2026-01-14T10:50:13.407Z'),
  ('e363114f-be03-4352-ac86-4eba517c4baf', 'Neil', 'neil@example.com', '$2b$10$Vrhbukyx6Ou9baIzFA6scec6fNHiWi0R2fbIB43Hj4nqLUSYDt6n.', 'user', 'active', '技术部', '2026-01-14T10:50:13.461Z', '2026-01-14T10:50:13.461Z')
ON CONFLICT (email) DO NOTHING;

-- ========================================
-- 更新资产 owner_id（如果需要）
-- ========================================

-- 如果 admin@example.com 的 ID 不同，运行以下 SQL 更新资产 owner_id：
-- 首先查询 Supabase 中 admin@example.com 的实际 ID：
-- SELECT id, email FROM users WHERE email = 'admin@example.com';
-- 然后更新资产（假设新的 ID 为 NEW_ADMIN_ID）：
-- UPDATE assets SET owner_id = 'NEW_ADMIN_ID' WHERE owner_id = 'b11f399e-fd69-43db-8339-83f4f9c0dd9e';

-- ========================================
-- 资产 (assets)
-- ========================================

INSERT INTO assets (id, asset_type_id, asset_template_id, name, code, status, owner_id, project_id, business_line_id, expiry_date, cost, cost_currency, custom_fields, metadata, parent_id, created_at, updated_at) VALUES
  ('1c4c9bcf-692f-4ac4-b05d-da6c015d0908', '9ec625bf-5735-41a4-b181-5f3fa3201ddf', 'cce26e0e-228d-45a6-9a8f-9d5a4a928d50', '1212', NULL, 'active', 'b11f399e-fd69-43db-8339-83f4f9c0dd9e', NULL, '9afcb9d1-58d1-4661-9d9c-016da33af56a', '2026-01-12'::date, 12.00, 'CNY', '{"":"Brain Rot"}'::jsonb, NULL, NULL, '2026-01-12T07:39:15.312Z', '2026-01-12T07:39:15.312Z'),
  ('bdf36592-9432-45d8-8e51-6668590fa638', '9ec625bf-5735-41a4-b181-5f3fa3201ddf', 'cce26e0e-228d-45a6-9a8f-9d5a4a928d50', '123', NULL, 'active', 'b11f399e-fd69-43db-8339-83f4f9c0dd9e', NULL, NULL, NULL, 12.00, 'CNY', '{"":"123"}'::jsonb, NULL, '1c4c9bcf-692f-4ac4-b05d-da6c015d0908', '2026-01-12T08:00:52.711Z', '2026-01-12T08:00:52.711Z'),
  ('9ef10a20-82bb-4094-ba8b-623af78eb1d3', '9ec625bf-5735-41a4-b181-5f3fa3201ddf', 'cce26e0e-228d-45a6-9a8f-9d5a4a928d50', '是的撒的·', NULL, 'active', 'b11f399e-fd69-43db-8339-83f4f9c0dd9e', NULL, NULL, '2026-01-15'::date, 12.00, 'CNY', '{"":"23213"}'::jsonb, NULL, NULL, '2026-01-12T08:01:09.082Z', '2026-01-12T08:01:09.082Z'),
  ('db40f30a-9c3c-4722-8181-fe002d400a5c', '9ec625bf-5735-41a4-b181-5f3fa3201ddf', 'cce26e0e-228d-45a6-9a8f-9d5a4a928d50', '34', NULL, 'active', 'b11f399e-fd69-43db-8339-83f4f9c0dd9e', NULL, NULL, '2026-01-29'::date, 34.00, 'CNY', '{"":"343"}'::jsonb, NULL, '9ef10a20-82bb-4094-ba8b-623af78eb1d3', '2026-01-12T08:01:20.858Z', '2026-01-12T08:01:20.858Z'),
  ('75c4e46f-b096-447a-8783-8ff4e2b623d1', '9ec625bf-5735-41a4-b181-5f3fa3201ddf', 'cce26e0e-228d-45a6-9a8f-9d5a4a928d50', '资产-1768298851604', NULL, 'active', 'b11f399e-fd69-43db-8339-83f4f9c0dd9e', NULL, NULL, NULL, NULL, 'CNY', '{"description":"我要测试","zhang_hao_e6b7a399":"12","field_822c336c_1768298125305":"213","field_b71a9634_1768298125310":"MTG"}'::jsonb, NULL, NULL, '2026-01-13T10:07:31.604Z', '2026-01-13T10:07:31.604Z'),
  ('db21bd79-2038-487c-acf1-47e38e887d3e', '9ec625bf-5735-41a4-b181-5f3fa3201ddf', NULL, '导入资产-1768376984637', NULL, 'active', 'b11f399e-fd69-43db-8339-83f4f9c0dd9e', NULL, NULL, NULL, NULL, 'CNY', '{"field_0":"@霍振威","field_1":"Remax","field_3":"38.79.96.217","field_4":"2c4g","field_5":"基础型","field_6":"已完成"}'::jsonb, NULL, NULL, '2026-01-14T07:49:44.641Z', '2026-01-14T10:10:19.099Z'),
  ('0d39b94a-aaf6-472c-9d07-fa342e5653a7', '9ec625bf-5735-41a4-b181-5f3fa3201ddf', NULL, '导入资产-1768376984647', NULL, 'active', 'b11f399e-fd69-43db-8339-83f4f9c0dd9e', NULL, NULL, NULL, NULL, 'CNY', '{"field_0":"@霍振威","field_1":"Remax","field_3":"177.125.77.178","field_4":"2c4g","field_5":"基础型","field_6":"已完成"}'::jsonb, NULL, NULL, '2026-01-14T07:49:44.649Z', '2026-01-14T10:10:19.099Z'),
  ('0f0a6955-2019-4291-84a6-0b02d729cadb', '9ec625bf-5735-41a4-b181-5f3fa3201ddf', NULL, '导入资产-1768376984652', NULL, 'active', 'b11f399e-fd69-43db-8339-83f4f9c0dd9e', NULL, NULL, NULL, NULL, 'CNY', '{"field_0":"@张杰","field_1":"Launcher","field_2":"GLC_003","field_3":"38.94.223.18","field_4":"4c8g","field_5":"旗舰型Plus","field_6":"已完成"}'::jsonb, NULL, NULL, '2026-01-14T07:49:44.654Z', '2026-01-14T10:10:19.099Z'),
  ('cf0f79e6-a578-4190-8942-4fa40612fbc8', '9ec625bf-5735-41a4-b181-5f3fa3201ddf', NULL, '导入资产-1768376984656', NULL, 'active', 'b11f399e-fd69-43db-8339-83f4f9c0dd9e', NULL, NULL, NULL, NULL, 'CNY', '{"field_0":"@霍振威","field_1":"CWZ","field_2":"CWZ_007","field_3":"203.168.247.87","field_4":"4c8g","field_5":"旗舰型Plus","field_6":"已完成"}'::jsonb, NULL, NULL, '2026-01-14T07:49:44.658Z', '2026-01-14T10:10:19.099Z'),
  ('68375030-2ce3-4693-9432-0f23225da47e', '9ec625bf-5735-41a4-b181-5f3fa3201ddf', NULL, '导入资产-1768376984662', NULL, 'active', 'b11f399e-fd69-43db-8339-83f4f9c0dd9e', NULL, NULL, NULL, NULL, 'CNY', '{"field_0":"@霍振威","field_1":"CWZ","field_2":"CWZ_008","field_3":"74.163.176.93","field_4":"4c8g","field_5":"旗舰型Plus","field_6":"已完成"}'::jsonb, NULL, NULL, '2026-01-14T07:49:44.665Z', '2026-01-14T10:10:19.099Z'),
  ('0b8c2e22-0e68-43b6-8f74-9cdf81df5325', '9ec625bf-5735-41a4-b181-5f3fa3201ddf', NULL, '导入资产-1768376984668', NULL, 'active', 'b11f399e-fd69-43db-8339-83f4f9c0dd9e', NULL, NULL, NULL, NULL, 'CNY', '{"field_0":"@霍振威","field_1":"G007","field_2":"KN_0180","field_3":"80.93.193.32","field_4":"4c8g","field_5":"旗舰型Plus","field_6":"已完成"}'::jsonb, NULL, NULL, '2026-01-14T07:49:44.670Z', '2026-01-14T10:10:19.099Z'),
  ('670e48b0-cae3-4876-87aa-89a588e502e2', '9ec625bf-5735-41a4-b181-5f3fa3201ddf', NULL, '导入资产-1768376984673', NULL, 'active', 'b11f399e-fd69-43db-8339-83f4f9c0dd9e', NULL, NULL, NULL, NULL, 'CNY', '{"field_0":"@霍振威","field_1":"Launcher","field_2":"GLC_004","field_3":"45.192.13.65","field_4":"4c8g","field_5":"旗舰型Plus","field_6":"已完成"}'::jsonb, NULL, NULL, '2026-01-14T07:49:44.675Z', '2026-01-14T10:10:19.099Z'),
  ('54693f58-ddf6-4844-8b47-2108ca43affd', '9ec625bf-5735-41a4-b181-5f3fa3201ddf', NULL, '导入资产-1768376984678', NULL, 'active', 'b11f399e-fd69-43db-8339-83f4f9c0dd9e', NULL, NULL, NULL, NULL, 'CNY', '{"field_0":"@霍振威","field_1":"G007","field_2":"KN_0181","field_3":"46.236.206.135","field_4":"4c8g","field_5":"旗舰型Plus","field_6":"已完成"}'::jsonb, NULL, NULL, '2026-01-14T07:49:44.680Z', '2026-01-14T10:10:19.099Z'),
  ('d4fbc0ce-4bb6-4b9f-a632-a0375a358801', '9ec625bf-5735-41a4-b181-5f3fa3201ddf', NULL, '导入资产-1768376984682', NULL, 'active', 'b11f399e-fd69-43db-8339-83f4f9c0dd9e', NULL, NULL, NULL, NULL, 'CNY', '{"field_0":"@霍振威","field_1":"CWZ","field_2":"CWZ_009","field_3":"82.21.81.111","field_4":"4c8g","field_5":"旗舰型Plus","field_6":"已完成"}'::jsonb, NULL, NULL, '2026-01-14T07:49:44.684Z', '2026-01-14T10:10:19.099Z'),
  ('4d6a2eb9-da3d-402c-b3b2-9659c17a95c5', '9ec625bf-5735-41a4-b181-5f3fa3201ddf', NULL, '导入资产-1768376984687', NULL, 'active', 'b11f399e-fd69-43db-8339-83f4f9c0dd9e', NULL, NULL, NULL, NULL, 'CNY', '{"field_0":"@霍振威","field_1":"Remax","field_2":"RM_003","field_3":"38.106.4.250","field_4":"4c8g","field_5":"旗舰型Plus","field_6":"已完成"}'::jsonb, NULL, NULL, '2026-01-14T07:49:44.688Z', '2026-01-14T10:10:19.099Z'),
  ('c758ade5-836f-4c8f-b8d1-0441596c1f4d', '9ec625bf-5735-41a4-b181-5f3fa3201ddf', NULL, '导入资产-1768376984691', NULL, 'active', 'b11f399e-fd69-43db-8339-83f4f9c0dd9e', NULL, NULL, NULL, NULL, 'CNY', '{"field_3":"38.106.5.6","field_4":"4c8g","field_5":"旗舰型Plus","field_6":"已完成"}'::jsonb, NULL, NULL, '2026-01-14T07:49:44.693Z', '2026-01-14T10:10:19.099Z'),
  ('dfaa0621-452e-4ccd-af52-0e5d0f1072b8', '9ec625bf-5735-41a4-b181-5f3fa3201ddf', NULL, '导入资产-1768376984696', NULL, 'active', 'b11f399e-fd69-43db-8339-83f4f9c0dd9e', NULL, NULL, NULL, NULL, 'CNY', '{"field_3":"38.98.235.46","field_4":"4c8g","field_5":"旗舰型Plus","field_6":"已完成"}'::jsonb, NULL, NULL, '2026-01-14T07:49:44.698Z', '2026-01-14T10:10:19.099Z'),
  ('878b74dd-bfe5-4227-ba77-d4594e56a973', '9ec625bf-5735-41a4-b181-5f3fa3201ddf', NULL, '导入资产-1768376984701', NULL, 'active', 'b11f399e-fd69-43db-8339-83f4f9c0dd9e', NULL, NULL, NULL, NULL, 'CNY', '{"field_3":"38.79.96.217","field_4":"4c8g","field_5":"旗舰型Plus"}'::jsonb, NULL, NULL, '2026-01-14T07:49:44.703Z', '2026-01-14T10:10:19.099Z'),
  ('4e599eea-2bb0-4597-84c3-1e35b8d7d3db', '9ec625bf-5735-41a4-b181-5f3fa3201ddf', NULL, '导入资产-1768381074585', NULL, 'active', 'b11f399e-fd69-43db-8339-83f4f9c0dd9e', NULL, NULL, NULL, NULL, 'CNY', '{"field_0":"@霍振威","field_1":"Remax","field_3":"38.79.96.217","field_4":"2c4g","field_5":"基础型","field_6":"已完成"}'::jsonb, NULL, NULL, '2026-01-14T08:57:54.589Z', '2026-01-16T03:27:02.144Z'),
  ('219261fd-6c34-47a5-a97c-940caad1b0a8', '9ec625bf-5735-41a4-b181-5f3fa3201ddf', NULL, '导入资产-1768381074597', NULL, 'active', 'b11f399e-fd69-43db-8339-83f4f9c0dd9e', NULL, NULL, NULL, NULL, 'CNY', '{"field_0":"@霍振威","field_1":"Remax","field_3":"177.125.77.178","field_4":"2c4g","field_5":"基础型","field_6":"已完成"}'::jsonb, NULL, NULL, '2026-01-14T08:57:54.600Z', '2026-01-16T03:27:02.144Z'),
  ('125aa218-814c-469c-9cd2-714abb9c3710', '9ec625bf-5735-41a4-b181-5f3fa3201ddf', NULL, '导入资产-1768381074604', NULL, 'active', 'b11f399e-fd69-43db-8339-83f4f9c0dd9e', NULL, NULL, NULL, NULL, 'CNY', '{"field_0":"@张杰","field_1":"Launcher","field_2":"GLC_003","field_3":"38.94.223.18","field_4":"4c8g","field_5":"旗舰型Plus","field_6":"已完成"}'::jsonb, NULL, NULL, '2026-01-14T08:57:54.607Z', '2026-01-16T03:27:02.144Z'),
  ('5299d239-ab87-4da6-bffd-1bf0d857b4b7', '9ec625bf-5735-41a4-b181-5f3fa3201ddf', NULL, '导入资产-1768381074610', NULL, 'active', 'b11f399e-fd69-43db-8339-83f4f9c0dd9e', NULL, NULL, NULL, NULL, 'CNY', '{"field_0":"@霍振威","field_1":"CWZ","field_2":"CWZ_007","field_3":"203.168.247.87","field_4":"4c8g","field_5":"旗舰型Plus","field_6":"已完成"}'::jsonb, NULL, NULL, '2026-01-14T08:57:54.612Z', '2026-01-16T03:27:02.144Z'),
  ('7b39b7d1-7a77-4888-badc-bc959763bcae', '9ec625bf-5735-41a4-b181-5f3fa3201ddf', NULL, '导入资产-1768381074614', NULL, 'active', 'b11f399e-fd69-43db-8339-83f4f9c0dd9e', NULL, NULL, NULL, NULL, 'CNY', '{"field_0":"@霍振威","field_1":"CWZ","field_2":"CWZ_008","field_3":"74.163.176.93","field_4":"4c8g","field_5":"旗舰型Plus","field_6":"已完成"}'::jsonb, NULL, NULL, '2026-01-14T08:57:54.616Z', '2026-01-16T03:27:02.144Z'),
  ('37bec6fa-d517-44cd-8865-cc3dd429a300', '9ec625bf-5735-41a4-b181-5f3fa3201ddf', NULL, '导入资产-1768381074618', NULL, 'active', 'b11f399e-fd69-43db-8339-83f4f9c0dd9e', NULL, NULL, NULL, NULL, 'CNY', '{"field_0":"@霍振威","field_1":"G007","field_2":"KN_0180","field_3":"80.93.193.32","field_4":"4c8g","field_5":"旗舰型Plus","field_6":"已完成"}'::jsonb, NULL, NULL, '2026-01-14T08:57:54.620Z', '2026-01-16T03:27:02.144Z'),
  ('ff48c21c-ff9f-4d1d-ba5e-c4eb2818083f', '9ec625bf-5735-41a4-b181-5f3fa3201ddf', NULL, '导入资产-1768381074622', NULL, 'active', 'b11f399e-fd69-43db-8339-83f4f9c0dd9e', NULL, NULL, NULL, NULL, 'CNY', '{"field_0":"@霍振威","field_1":"Launcher","field_2":"GLC_004","field_3":"45.192.13.65","field_4":"4c8g","field_5":"旗舰型Plus","field_6":"已完成"}'::jsonb, NULL, NULL, '2026-01-14T08:57:54.624Z', '2026-01-16T03:27:02.144Z'),
  ('d17e03ad-386b-422c-a858-058105c35ae7', '9ec625bf-5735-41a4-b181-5f3fa3201ddf', NULL, '导入资产-1768381074626', NULL, 'active', 'b11f399e-fd69-43db-8339-83f4f9c0dd9e', NULL, NULL, NULL, NULL, 'CNY', '{"field_0":"@霍振威","field_1":"G007","field_2":"KN_0181","field_3":"46.236.206.135","field_4":"4c8g","field_5":"旗舰型Plus","field_6":"已完成"}'::jsonb, NULL, NULL, '2026-01-14T08:57:54.627Z', '2026-01-16T03:27:02.144Z'),
  ('efb0c74f-8a70-4f9e-89e9-bcd9e60281fa', '9ec625bf-5735-41a4-b181-5f3fa3201ddf', NULL, '导入资产-1768381074630', NULL, 'active', 'b11f399e-fd69-43db-8339-83f4f9c0dd9e', NULL, NULL, NULL, NULL, 'CNY', '{"field_0":"@霍振威","field_1":"CWZ","field_2":"CWZ_009","field_3":"82.21.81.111","field_4":"4c8g","field_5":"旗舰型Plus","field_6":"已完成"}'::jsonb, NULL, NULL, '2026-01-14T08:57:54.631Z', '2026-01-16T03:27:02.144Z'),
  ('c0dc3558-35ea-45f4-bf1c-6d2790a500cd', '9ec625bf-5735-41a4-b181-5f3fa3201ddf', NULL, '导入资产-1768381074634', NULL, 'active', 'b11f399e-fd69-43db-8339-83f4f9c0dd9e', NULL, NULL, NULL, NULL, 'CNY', '{"field_0":"@霍振威","field_1":"Remax","field_2":"RM_003","field_3":"38.106.4.250","field_4":"4c8g","field_5":"旗舰型Plus","field_6":"已完成"}'::jsonb, NULL, NULL, '2026-01-14T08:57:54.636Z', '2026-01-16T03:27:02.144Z'),
  ('e608b049-bc96-45a7-bc4a-052287b0e63a', '9ec625bf-5735-41a4-b181-5f3fa3201ddf', NULL, '导入资产-1768381074638', NULL, 'active', 'b11f399e-fd69-43db-8339-83f4f9c0dd9e', NULL, NULL, NULL, NULL, 'CNY', '{"field_3":"38.106.5.6","field_4":"4c8g","field_5":"旗舰型Plus","field_6":"已完成"}'::jsonb, NULL, NULL, '2026-01-14T08:57:54.639Z', '2026-01-16T03:27:02.144Z'),
  ('449378a3-f45d-4cca-beb7-ae51809a37d2', '9ec625bf-5735-41a4-b181-5f3fa3201ddf', NULL, '导入资产-1768381074641', NULL, 'active', 'b11f399e-fd69-43db-8339-83f4f9c0dd9e', NULL, NULL, NULL, NULL, 'CNY', '{"field_3":"38.98.235.46","field_4":"4c8g","field_5":"旗舰型Plus","field_6":"已完成"}'::jsonb, NULL, NULL, '2026-01-14T08:57:54.643Z', '2026-01-16T03:27:02.144Z'),
  ('073828dc-4021-49be-b9a8-4d73f2e81104', '9ec625bf-5735-41a4-b181-5f3fa3201ddf', NULL, '导入资产-1768381074645', NULL, 'active', 'b11f399e-fd69-43db-8339-83f4f9c0dd9e', NULL, NULL, NULL, NULL, 'CNY', '{"field_3":"38.79.96.217","field_4":"4c8g","field_5":"旗舰型Plus"}'::jsonb, NULL, NULL, '2026-01-14T08:57:54.647Z', '2026-01-16T03:27:02.144Z'),
  ('62b9cbac-fc8a-456b-b213-53b71d397d0a', '9ec625bf-5735-41a4-b181-5f3fa3201ddf', NULL, '导入资产-1768384128539', NULL, 'active', 'b11f399e-fd69-43db-8339-83f4f9c0dd9e', NULL, NULL, NULL, NULL, 'CNY', '{"field_0":"@霍振威","field_1":"Remax","field_3":"38.79.96.217","field_4":"2c4g","field_5":"基础型","field_6":"已完成"}'::jsonb, NULL, NULL, '2026-01-14T09:48:48.542Z', '2026-01-16T03:26:59.883Z'),
  ('b56ae86f-560a-4071-a359-2d1f55580da5', '9ec625bf-5735-41a4-b181-5f3fa3201ddf', NULL, '导入资产-1768384128549', NULL, 'active', 'b11f399e-fd69-43db-8339-83f4f9c0dd9e', NULL, NULL, NULL, NULL, 'CNY', '{"field_0":"@霍振威","field_1":"Remax","field_3":"177.125.77.178","field_4":"2c4g","field_5":"基础型","field_6":"已完成"}'::jsonb, NULL, NULL, '2026-01-14T09:48:48.552Z', '2026-01-16T03:26:59.883Z'),
  ('4c39945c-326d-49c3-9a0d-ff8a65a457c5', '9ec625bf-5735-41a4-b181-5f3fa3201ddf', NULL, '导入资产-1768384128555', NULL, 'active', 'b11f399e-fd69-43db-8339-83f4f9c0dd9e', NULL, NULL, NULL, NULL, 'CNY', '{"field_0":"@张杰","field_1":"Launcher","field_2":"GLC_003","field_3":"38.94.223.18","field_4":"4c8g","field_5":"旗舰型Plus","field_6":"已完成"}'::jsonb, NULL, NULL, '2026-01-14T09:48:48.558Z', '2026-01-16T03:26:59.883Z'),
  ('82e1abe6-f99c-40ea-846d-d81c7cc3ef04', '9ec625bf-5735-41a4-b181-5f3fa3201ddf', NULL, '导入资产-1768384128564', NULL, 'active', 'b11f399e-fd69-43db-8339-83f4f9c0dd9e', NULL, NULL, NULL, NULL, 'CNY', '{"field_0":"@霍振威","field_1":"CWZ","field_2":"CWZ_007","field_3":"203.168.247.87","field_4":"4c8g","field_5":"旗舰型Plus","field_6":"已完成"}'::jsonb, NULL, NULL, '2026-01-14T09:48:48.566Z', '2026-01-16T03:26:59.883Z'),
  ('543a7d3e-11e7-4dce-a74b-7a523e4545f9', '9ec625bf-5735-41a4-b181-5f3fa3201ddf', NULL, '导入资产-1768384128569', NULL, 'active', 'b11f399e-fd69-43db-8339-83f4f9c0dd9e', NULL, NULL, NULL, NULL, 'CNY', '{"field_0":"@霍振威","field_1":"CWZ","field_2":"CWZ_008","field_3":"74.163.176.93","field_4":"4c8g","field_5":"旗舰型Plus","field_6":"已完成"}'::jsonb, NULL, NULL, '2026-01-14T09:48:48.571Z', '2026-01-16T03:26:59.883Z'),
  ('64987a89-beef-49b2-8ebd-78f85ddfa1ad', '9ec625bf-5735-41a4-b181-5f3fa3201ddf', NULL, '导入资产-1768384128573', NULL, 'active', 'b11f399e-fd69-43db-8339-83f4f9c0dd9e', NULL, NULL, NULL, NULL, 'CNY', '{"field_0":"@霍振威","field_1":"G007","field_2":"KN_0180","field_3":"80.93.193.32","field_4":"4c8g","field_5":"旗舰型Plus","field_6":"已完成"}'::jsonb, NULL, NULL, '2026-01-14T09:48:48.574Z', '2026-01-16T03:26:59.883Z'),
  ('486195a8-0f8d-4e7d-a443-4f9d1b794511', '9ec625bf-5735-41a4-b181-5f3fa3201ddf', NULL, '导入资产-1768384128577', NULL, 'active', 'b11f399e-fd69-43db-8339-83f4f9c0dd9e', NULL, NULL, NULL, NULL, 'CNY', '{"field_0":"@霍振威","field_1":"Launcher","field_2":"GLC_004","field_3":"45.192.13.65","field_4":"4c8g","field_5":"旗舰型Plus","field_6":"已完成"}'::jsonb, NULL, NULL, '2026-01-14T09:48:48.579Z', '2026-01-16T03:26:59.883Z'),
  ('8bba74b9-80dd-452c-889b-39e5ee44b2bf', '9ec625bf-5735-41a4-b181-5f3fa3201ddf', NULL, '导入资产-1768384128586', NULL, 'active', 'b11f399e-fd69-43db-8339-83f4f9c0dd9e', NULL, NULL, NULL, NULL, 'CNY', '{"field_0":"@霍振威","field_1":"G007","field_2":"KN_0181","field_3":"46.236.206.135","field_4":"4c8g","field_5":"旗舰型Plus","field_6":"已完成"}'::jsonb, NULL, NULL, '2026-01-14T09:48:48.588Z', '2026-01-16T03:26:59.883Z'),
  ('e79d600a-f794-4a96-a748-cb5abed4a980', '9ec625bf-5735-41a4-b181-5f3fa3201ddf', NULL, '导入资产-1768384128590', NULL, 'active', 'b11f399e-fd69-43db-8339-83f4f9c0dd9e', NULL, NULL, NULL, NULL, 'CNY', '{"field_0":"@霍振威","field_1":"CWZ","field_2":"CWZ_009","field_3":"82.21.81.111","field_4":"4c8g","field_5":"旗舰型Plus","field_6":"已完成"}'::jsonb, NULL, NULL, '2026-01-14T09:48:48.593Z', '2026-01-16T03:26:59.883Z'),
  ('047fd238-6756-425d-9e68-b3c89aae4b30', '9ec625bf-5735-41a4-b181-5f3fa3201ddf', NULL, '导入资产-1768384128595', NULL, 'active', 'b11f399e-fd69-43db-8339-83f4f9c0dd9e', NULL, NULL, NULL, NULL, 'CNY', '{"field_0":"@霍振威","field_1":"Remax","field_2":"RM_003","field_3":"38.106.4.250","field_4":"4c8g","field_5":"旗舰型Plus","field_6":"已完成"}'::jsonb, NULL, NULL, '2026-01-14T09:48:48.597Z', '2026-01-16T03:26:59.883Z'),
  ('e3bcc808-f491-4c79-8d1b-9e220a73b207', '9ec625bf-5735-41a4-b181-5f3fa3201ddf', NULL, '导入资产-1768384128600', NULL, 'active', 'b11f399e-fd69-43db-8339-83f4f9c0dd9e', NULL, NULL, NULL, NULL, 'CNY', '{"field_3":"38.106.5.6","field_4":"4c8g","field_5":"旗舰型Plus","field_6":"已完成"}'::jsonb, NULL, NULL, '2026-01-14T09:48:48.602Z', '2026-01-16T03:26:59.883Z'),
  ('d0815c24-e467-47d3-a222-381c86ccd4b7', '9ec625bf-5735-41a4-b181-5f3fa3201ddf', NULL, '导入资产-1768384128604', NULL, 'active', 'b11f399e-fd69-43db-8339-83f4f9c0dd9e', NULL, NULL, NULL, NULL, 'CNY', '{"field_3":"38.98.235.46","field_4":"4c8g","field_5":"旗舰型Plus","field_6":"已完成"}'::jsonb, NULL, NULL, '2026-01-14T09:48:48.606Z', '2026-01-16T03:26:59.883Z'),
  ('5d5b2951-8d3e-4056-8693-b104c779691b', '9ec625bf-5735-41a4-b181-5f3fa3201ddf', NULL, '导入资产-1768384128611', NULL, 'active', 'b11f399e-fd69-43db-8339-83f4f9c0dd9e', NULL, NULL, NULL, NULL, 'CNY', '{"field_3":"38.79.96.217","field_4":"4c8g","field_5":"旗舰型Plus"}'::jsonb, NULL, NULL, '2026-01-14T09:48:48.614Z', '2026-01-16T03:26:59.883Z'),
  ('e8b85819-4ef8-439c-84bd-8deb9857bda9', '9ec625bf-5735-41a4-b181-5f3fa3201ddf', 'dea9f771-8141-4b98-9037-1f0b142dd9c2', '导入资产-1768446964086', NULL, 'active', '71ca49e6-7ba8-42d9-be5b-eb2f87136b34', NULL, '9eeddfe1-8515-4cd8-b003-b8a411e42e6e', NULL, NULL, 'CNY', '{"field_0":"@霍振威","field_1":"Remax","field_3":"38.79.96.217","field_4":"2c4g","field_5":"基础型","field_6":"已完成"}'::jsonb, NULL, NULL, '2026-01-15T03:16:04.091Z', '2026-01-16T03:27:04.088Z'),
  ('9e18eecf-8d1d-4988-8fa2-bdd2c44460a7', '9ec625bf-5735-41a4-b181-5f3fa3201ddf', 'dea9f771-8141-4b98-9037-1f0b142dd9c2', '导入资产-1768446964102', NULL, 'active', '71ca49e6-7ba8-42d9-be5b-eb2f87136b34', NULL, '9eeddfe1-8515-4cd8-b003-b8a411e42e6e', NULL, NULL, 'CNY', '{"field_0":"@霍振威","field_1":"Remax","field_3":"177.125.77.178","field_4":"2c4g","field_5":"基础型","field_6":"已完成"}'::jsonb, NULL, NULL, '2026-01-15T03:16:04.104Z', '2026-01-16T03:27:04.088Z'),
  ('5abb5ceb-70c2-4609-8d84-9980e0e08c2a', '9ec625bf-5735-41a4-b181-5f3fa3201ddf', NULL, '导入资产-1768446964107', NULL, 'active', '38f7b695-81c8-4df1-9bf2-af8849ca1144', NULL, NULL, NULL, NULL, 'CNY', '{"field_0":"@张杰","field_1":"Launcher","field_2":"GLC_003","field_3":"38.94.223.18","field_4":"4c8g","field_5":"旗舰型Plus","field_6":"已完成"}'::jsonb, NULL, NULL, '2026-01-15T03:16:04.109Z', '2026-01-16T03:27:04.088Z'),
  ('9ddfb1d3-3293-4720-be2d-6ad6add582ca', '9ec625bf-5735-41a4-b181-5f3fa3201ddf', 'dea9f771-8141-4b98-9037-1f0b142dd9c2', '导入资产-1768446964112', NULL, 'active', '71ca49e6-7ba8-42d9-be5b-eb2f87136b34', NULL, '4ce305ea-6508-4991-af9e-5786041716c9', NULL, NULL, 'CNY', '{"field_0":"@霍振威","field_1":"CWZ","field_2":"CWZ_007","field_3":"203.168.247.87","field_4":"4c8g","field_5":"旗舰型Plus","field_6":"已完成"}'::jsonb, NULL, NULL, '2026-01-15T03:16:04.114Z', '2026-01-16T03:27:04.088Z'),
  ('b2f3f9bb-8644-46fc-837b-ab9e3bd202ff', '9ec625bf-5735-41a4-b181-5f3fa3201ddf', 'dea9f771-8141-4b98-9037-1f0b142dd9c2', '导入资产-1768446964116', NULL, 'active', '71ca49e6-7ba8-42d9-be5b-eb2f87136b34', NULL, '4ce305ea-6508-4991-af9e-5786041716c9', NULL, NULL, 'CNY', '{"field_0":"@霍振威","field_1":"CWZ","field_2":"CWZ_008","field_3":"74.163.176.93","field_4":"4c8g","field_5":"旗舰型Plus","field_6":"已完成"}'::jsonb, NULL, NULL, '2026-01-15T03:16:04.118Z', '2026-01-16T03:27:04.088Z'),
  ('f71c2067-fa1b-47bc-b7c5-8427331ec64f', '9ec625bf-5735-41a4-b181-5f3fa3201ddf', 'dea9f771-8141-4b98-9037-1f0b142dd9c2', '导入资产-1768446964120', NULL, 'active', '71ca49e6-7ba8-42d9-be5b-eb2f87136b34', NULL, '4ea6948b-1f19-4be3-942c-0d6d34d318e9', NULL, NULL, 'CNY', '{"field_0":"@霍振威","field_1":"G007","field_2":"KN_0180","field_3":"80.93.193.32","field_4":"4c8g","field_5":"旗舰型Plus","field_6":"已完成"}'::jsonb, NULL, NULL, '2026-01-15T03:16:04.121Z', '2026-01-16T03:27:04.088Z'),
  ('38547c01-e197-4396-b26f-91ce7ddd677d', '9ec625bf-5735-41a4-b181-5f3fa3201ddf', 'dea9f771-8141-4b98-9037-1f0b142dd9c2', '导入资产-1768446964123', NULL, 'active', '71ca49e6-7ba8-42d9-be5b-eb2f87136b34', NULL, NULL, NULL, NULL, 'CNY', '{"field_0":"@霍振威","field_1":"Launcher","field_2":"GLC_004","field_3":"45.192.13.65","field_4":"4c8g","field_5":"旗舰型Plus","field_6":"已完成"}'::jsonb, NULL, NULL, '2026-01-15T03:16:04.125Z', '2026-01-16T03:27:04.088Z'),
  ('574aeefd-c1c9-4801-9bf1-cb21d00c1144', '9ec625bf-5735-41a4-b181-5f3fa3201ddf', 'dea9f771-8141-4b98-9037-1f0b142dd9c2', '导入资产-1768446964127', NULL, 'active', '71ca49e6-7ba8-42d9-be5b-eb2f87136b34', NULL, '4ea6948b-1f19-4be3-942c-0d6d34d318e9', NULL, NULL, 'CNY', '{"field_0":"@霍振威","field_1":"G007","field_2":"KN_0181","field_3":"46.236.206.135","field_4":"4c8g","field_5":"旗舰型Plus","field_6":"已完成"}'::jsonb, NULL, NULL, '2026-01-15T03:16:04.129Z', '2026-01-16T03:27:04.088Z'),
  ('8a40c1ac-ee2a-4940-a1a4-15cb04928ace', '9ec625bf-5735-41a4-b181-5f3fa3201ddf', 'dea9f771-8141-4b98-9037-1f0b142dd9c2', '导入资产-1768446964131', NULL, 'active', '71ca49e6-7ba8-42d9-be5b-eb2f87136b34', NULL, '4ce305ea-6508-4991-af9e-5786041716c9', NULL, NULL, 'CNY', '{"field_0":"@霍振威","field_1":"CWZ","field_2":"CWZ_009","field_3":"82.21.81.111","field_4":"4c8g","field_5":"旗舰型Plus","field_6":"已完成"}'::jsonb, NULL, NULL, '2026-01-15T03:16:04.132Z', '2026-01-16T03:27:04.088Z'),
  ('f17b5dfd-e34c-49d4-ab9e-3b260b007728', '9ec625bf-5735-41a4-b181-5f3fa3201ddf', 'dea9f771-8141-4b98-9037-1f0b142dd9c2', '导入资产-1768446964134', NULL, 'active', '71ca49e6-7ba8-42d9-be5b-eb2f87136b34', NULL, '9eeddfe1-8515-4cd8-b003-b8a411e42e6e', NULL, NULL, 'CNY', '{"field_0":"@霍振威","field_1":"Remax","field_2":"RM_003","field_3":"38.106.4.250","field_4":"4c8g","field_5":"旗舰型Plus","field_6":"已完成"}'::jsonb, NULL, NULL, '2026-01-15T03:16:04.136Z', '2026-01-16T03:27:04.088Z'),
  ('9e814c25-24a6-471c-b85e-ae55e8f84413', '9ec625bf-5735-41a4-b181-5f3fa3201ddf', NULL, '导入资产-1768446964138', NULL, 'active', 'b11f399e-fd69-43db-8339-83f4f9c0dd9e', NULL, NULL, NULL, NULL, 'CNY', '{"field_3":"38.106.5.6","field_4":"4c8g","field_5":"旗舰型Plus","field_6":"已完成"}'::jsonb, NULL, NULL, '2026-01-15T03:16:04.140Z', '2026-01-16T03:27:04.088Z'),
  ('aafe956a-6c80-4741-8061-71c7abe032e6', '9ec625bf-5735-41a4-b181-5f3fa3201ddf', NULL, '导入资产-1768446964142', NULL, 'active', 'b11f399e-fd69-43db-8339-83f4f9c0dd9e', NULL, NULL, NULL, NULL, 'CNY', '{"field_3":"38.98.235.46","field_4":"4c8g","field_5":"旗舰型Plus","field_6":"已完成"}'::jsonb, NULL, NULL, '2026-01-15T03:16:04.146Z', '2026-01-16T03:27:04.088Z'),
  ('9be1e35f-f182-4a0a-ae84-c82ec4733602', '9ec625bf-5735-41a4-b181-5f3fa3201ddf', NULL, '导入资产-1768446964151', NULL, 'active', 'b11f399e-fd69-43db-8339-83f4f9c0dd9e', NULL, NULL, NULL, NULL, 'CNY', '{"field_3":"38.79.96.217","field_4":"4c8g","field_5":"旗舰型Plus"}'::jsonb, NULL, NULL, '2026-01-15T03:16:04.155Z', '2026-01-16T03:27:04.088Z'),
  ('2e4927d6-2dad-4b8d-b675-af90c02d19ad', '9ec625bf-5735-41a4-b181-5f3fa3201ddf', 'dea9f771-8141-4b98-9037-1f0b142dd9c2', '导入资产-1768534058465', NULL, 'active', 'b11f399e-fd69-43db-8339-83f4f9c0dd9e', NULL, NULL, NULL, NULL, 'CNY', '{"field_0":"@霍振威","field_1":"Remax","field_3":"38.79.96.217","field_4":"2c4g","field_5":"基础型","field_6":"已完成"}'::jsonb, NULL, NULL, '2026-01-16T03:27:38.468Z', '2026-01-16T03:27:38.468Z'),
  ('8e50a93f-d6e2-47a0-b12f-275dd284d66b', '9ec625bf-5735-41a4-b181-5f3fa3201ddf', 'dea9f771-8141-4b98-9037-1f0b142dd9c2', '导入资产-1768534058474', NULL, 'active', 'b11f399e-fd69-43db-8339-83f4f9c0dd9e', NULL, NULL, NULL, NULL, 'CNY', '{"field_0":"@霍振威","field_1":"Remax","field_3":"177.125.77.178","field_4":"2c4g","field_5":"基础型","field_6":"已完成"}'::jsonb, NULL, NULL, '2026-01-16T03:27:38.476Z', '2026-01-16T03:27:38.476Z'),
  ('71c0980b-327c-4bb4-98b8-97e055802525', '9ec625bf-5735-41a4-b181-5f3fa3201ddf', 'dea9f771-8141-4b98-9037-1f0b142dd9c2', '导入资产-1768534058478', NULL, 'active', 'b11f399e-fd69-43db-8339-83f4f9c0dd9e', NULL, NULL, NULL, NULL, 'CNY', '{"field_0":"@张杰","field_1":"Launcher","field_2":"GLC_003","field_3":"38.94.223.18","field_4":"4c8g","field_5":"旗舰型Plus","field_6":"已完成"}'::jsonb, NULL, NULL, '2026-01-16T03:27:38.480Z', '2026-01-16T03:27:38.480Z'),
  ('d8e44615-dc3f-49be-894c-4e14abd9f373', '9ec625bf-5735-41a4-b181-5f3fa3201ddf', 'dea9f771-8141-4b98-9037-1f0b142dd9c2', '导入资产-1768534058482', NULL, 'active', 'b11f399e-fd69-43db-8339-83f4f9c0dd9e', NULL, NULL, NULL, NULL, 'CNY', '{"field_0":"@霍振威","field_1":"CWZ","field_2":"CWZ_007","field_3":"203.168.247.87","field_4":"4c8g","field_5":"旗舰型Plus","field_6":"已完成"}'::jsonb, NULL, NULL, '2026-01-16T03:27:38.484Z', '2026-01-16T03:27:38.484Z'),
  ('8119e59c-478d-4dd0-980a-8a4b1d3aca3b', '9ec625bf-5735-41a4-b181-5f3fa3201ddf', 'dea9f771-8141-4b98-9037-1f0b142dd9c2', '导入资产-1768534058487', NULL, 'active', 'b11f399e-fd69-43db-8339-83f4f9c0dd9e', NULL, NULL, NULL, NULL, 'CNY', '{"field_0":"@霍振威","field_1":"CWZ","field_2":"CWZ_008","field_3":"74.163.176.93","field_4":"4c8g","field_5":"旗舰型Plus","field_6":"已完成"}'::jsonb, NULL, NULL, '2026-01-16T03:27:38.488Z', '2026-01-16T03:27:38.488Z'),
  ('e840b2e1-3362-4387-831c-72e23cfd7775', '9ec625bf-5735-41a4-b181-5f3fa3201ddf', 'dea9f771-8141-4b98-9037-1f0b142dd9c2', '导入资产-1768534058490', NULL, 'active', 'b11f399e-fd69-43db-8339-83f4f9c0dd9e', NULL, NULL, NULL, NULL, 'CNY', '{"field_0":"@霍振威","field_1":"G007","field_2":"KN_0180","field_3":"80.93.193.32","field_4":"4c8g","field_5":"旗舰型Plus","field_6":"已完成"}'::jsonb, NULL, NULL, '2026-01-16T03:27:38.492Z', '2026-01-16T03:27:38.492Z'),
  ('fb9f3ca8-fe38-4349-a42b-4cb598521eab', '9ec625bf-5735-41a4-b181-5f3fa3201ddf', 'dea9f771-8141-4b98-9037-1f0b142dd9c2', '导入资产-1768534058494', NULL, 'active', 'b11f399e-fd69-43db-8339-83f4f9c0dd9e', NULL, NULL, NULL, NULL, 'CNY', '{"field_0":"@霍振威","field_1":"Launcher","field_2":"GLC_004","field_3":"45.192.13.65","field_4":"4c8g","field_5":"旗舰型Plus","field_6":"已完成"}'::jsonb, NULL, NULL, '2026-01-16T03:27:38.495Z', '2026-01-16T03:27:38.495Z'),
  ('8da34fb5-94e9-42fd-a990-5b0fb556d835', '9ec625bf-5735-41a4-b181-5f3fa3201ddf', 'dea9f771-8141-4b98-9037-1f0b142dd9c2', '导入资产-1768534058497', NULL, 'active', 'b11f399e-fd69-43db-8339-83f4f9c0dd9e', NULL, NULL, NULL, NULL, 'CNY', '{"field_0":"@霍振威","field_1":"G007","field_2":"KN_0181","field_3":"46.236.206.135","field_4":"4c8g","field_5":"旗舰型Plus","field_6":"已完成"}'::jsonb, NULL, NULL, '2026-01-16T03:27:38.499Z', '2026-01-16T03:27:38.499Z'),
  ('762c00ea-96f3-4d24-aa4f-422d62f96616', '9ec625bf-5735-41a4-b181-5f3fa3201ddf', 'dea9f771-8141-4b98-9037-1f0b142dd9c2', '导入资产-1768534058501', NULL, 'active', 'b11f399e-fd69-43db-8339-83f4f9c0dd9e', NULL, NULL, NULL, NULL, 'CNY', '{"field_0":"@霍振威","field_1":"CWZ","field_2":"CWZ_009","field_3":"82.21.81.111","field_4":"4c8g","field_5":"旗舰型Plus","field_6":"已完成"}'::jsonb, NULL, NULL, '2026-01-16T03:27:38.503Z', '2026-01-16T03:27:38.503Z'),
  ('11821353-3101-40b7-9e27-8704a1ca0270', '9ec625bf-5735-41a4-b181-5f3fa3201ddf', 'dea9f771-8141-4b98-9037-1f0b142dd9c2', '导入资产-1768534058505', NULL, 'active', 'b11f399e-fd69-43db-8339-83f4f9c0dd9e', NULL, NULL, NULL, NULL, 'CNY', '{"field_0":"@霍振威","field_1":"Remax","field_2":"RM_003","field_3":"38.106.4.250","field_4":"4c8g","field_5":"旗舰型Plus","field_6":"已完成"}'::jsonb, NULL, NULL, '2026-01-16T03:27:38.506Z', '2026-01-16T03:27:38.506Z'),
  ('064ac8b7-9952-427c-9e15-436ef32125b5', '9ec625bf-5735-41a4-b181-5f3fa3201ddf', 'dea9f771-8141-4b98-9037-1f0b142dd9c2', '导入资产-1768534058508', NULL, 'active', 'b11f399e-fd69-43db-8339-83f4f9c0dd9e', NULL, NULL, NULL, NULL, 'CNY', '{"field_3":"38.106.5.6","field_4":"4c8g","field_5":"旗舰型Plus","field_6":"已完成"}'::jsonb, NULL, NULL, '2026-01-16T03:27:38.510Z', '2026-01-16T03:27:38.510Z'),
  ('a371de17-9a9f-41b2-880e-80c4698d46ba', '9ec625bf-5735-41a4-b181-5f3fa3201ddf', 'dea9f771-8141-4b98-9037-1f0b142dd9c2', '导入资产-1768534058511', NULL, 'active', 'b11f399e-fd69-43db-8339-83f4f9c0dd9e', NULL, NULL, NULL, NULL, 'CNY', '{"field_3":"38.98.235.46","field_4":"4c8g","field_5":"旗舰型Plus","field_6":"已完成"}'::jsonb, NULL, NULL, '2026-01-16T03:27:38.513Z', '2026-01-16T03:27:38.513Z'),
  ('103dd04f-d2a9-4b56-8f8d-f86da780382a', '9ec625bf-5735-41a4-b181-5f3fa3201ddf', 'dea9f771-8141-4b98-9037-1f0b142dd9c2', '导入资产-1768534058515', NULL, 'active', 'b11f399e-fd69-43db-8339-83f4f9c0dd9e', NULL, NULL, NULL, NULL, 'CNY', '{"field_3":"38.79.96.217","field_4":"4c8g","field_5":"旗舰型Plus"}'::jsonb, NULL, NULL, '2026-01-16T03:27:38.516Z', '2026-01-16T03:27:38.516Z'),
  ('cd995717-cdcd-40ee-a344-43142242d48f', 'ed2f862f-2a36-4f28-b10f-5580b351e009', NULL, '导入资产-1768544896982', NULL, 'active', 'b11f399e-fd69-43db-8339-83f4f9c0dd9e', NULL, '9eeddfe1-8515-4cd8-b003-b8a411e42e6e', NULL, NULL, 'CNY', '{"field_0":"@霍振威","field_1":"Remax","field_3":"38.79.96.217","field_4":"2c4g","field_5":"基础型","field_6":"已完成","field_7":"13656786334"}'::jsonb, NULL, NULL, '2026-01-16T06:28:16.986Z', '2026-01-16T06:28:43.708Z'),
  ('a6beb87b-7bf5-4c31-a610-0ad15d265e2c', 'ed2f862f-2a36-4f28-b10f-5580b351e009', NULL, '导入资产-1768544896994', NULL, 'active', 'b11f399e-fd69-43db-8339-83f4f9c0dd9e', NULL, '9eeddfe1-8515-4cd8-b003-b8a411e42e6e', NULL, NULL, 'CNY', '{"field_0":"@霍振威","field_1":"Remax","field_3":"177.125.77.178","field_4":"2c4g","field_5":"基础型","field_6":"已完成","field_7":"13656786335"}'::jsonb, NULL, NULL, '2026-01-16T06:28:16.996Z', '2026-01-16T06:28:43.708Z'),
  ('f16bd85a-0345-4d9e-85c5-dbc95cfc3012', 'ed2f862f-2a36-4f28-b10f-5580b351e009', NULL, '导入资产-1768544897000', NULL, 'active', 'b11f399e-fd69-43db-8339-83f4f9c0dd9e', NULL, NULL, NULL, NULL, 'CNY', '{"field_0":"@张杰","field_1":"Launcher","field_2":"GLC_003","field_3":"38.94.223.18","field_4":"4c8g","field_5":"旗舰型Plus","field_6":"已完成","field_7":"13656786336"}'::jsonb, NULL, NULL, '2026-01-16T06:28:17.002Z', '2026-01-16T06:28:43.708Z'),
  ('c4bee7ee-3608-4d50-8fc3-709aad57f1a3', 'ed2f862f-2a36-4f28-b10f-5580b351e009', NULL, '导入资产-1768544897005', NULL, 'active', 'b11f399e-fd69-43db-8339-83f4f9c0dd9e', NULL, '4ce305ea-6508-4991-af9e-5786041716c9', NULL, NULL, 'CNY', '{"field_0":"@霍振威","field_1":"CWZ","field_2":"CWZ_007","field_3":"203.168.247.87","field_4":"4c8g","field_5":"旗舰型Plus","field_6":"已完成","field_7":"13656786337"}'::jsonb, NULL, NULL, '2026-01-16T06:28:17.007Z', '2026-01-16T06:28:43.708Z'),
  ('3da0571a-f851-4120-9353-8712fa682e57', 'ed2f862f-2a36-4f28-b10f-5580b351e009', NULL, '导入资产-1768544897024', NULL, 'active', 'b11f399e-fd69-43db-8339-83f4f9c0dd9e', NULL, '4ce305ea-6508-4991-af9e-5786041716c9', NULL, NULL, 'CNY', '{"field_0":"@霍振威","field_1":"CWZ","field_2":"CWZ_008","field_3":"74.163.176.93","field_4":"4c8g","field_5":"旗舰型Plus","field_6":"已完成","field_7":"13656786338"}'::jsonb, NULL, NULL, '2026-01-16T06:28:17.033Z', '2026-01-16T06:28:43.708Z'),
  ('b2564309-f7ab-47f9-a0c0-0a537dee03a6', 'ed2f862f-2a36-4f28-b10f-5580b351e009', NULL, '导入资产-1768544897042', NULL, 'active', 'b11f399e-fd69-43db-8339-83f4f9c0dd9e', NULL, '4ea6948b-1f19-4be3-942c-0d6d34d318e9', NULL, NULL, 'CNY', '{"field_0":"@霍振威","field_1":"G007","field_2":"KN_0180","field_3":"80.93.193.32","field_4":"4c8g","field_5":"旗舰型Plus","field_6":"已完成","field_7":"13656786339"}'::jsonb, NULL, NULL, '2026-01-16T06:28:17.046Z', '2026-01-16T06:28:43.708Z'),
  ('afcb6c47-c1d5-4e2e-9bbd-cd59ce99f96b', 'ed2f862f-2a36-4f28-b10f-5580b351e009', NULL, '导入资产-1768544897050', NULL, 'active', 'b11f399e-fd69-43db-8339-83f4f9c0dd9e', NULL, NULL, NULL, NULL, 'CNY', '{"field_0":"@霍振威","field_1":"Launcher","field_2":"GLC_004","field_3":"45.192.13.65","field_4":"4c8g","field_5":"旗舰型Plus","field_6":"已完成","field_7":"13656786340"}'::jsonb, NULL, NULL, '2026-01-16T06:28:17.052Z', '2026-01-16T06:28:43.708Z'),
  ('674b2fda-9054-4032-8a3f-9c98c348eaf4', 'ed2f862f-2a36-4f28-b10f-5580b351e009', NULL, '导入资产-1768544897054', NULL, 'active', 'b11f399e-fd69-43db-8339-83f4f9c0dd9e', NULL, '4ea6948b-1f19-4be3-942c-0d6d34d318e9', NULL, NULL, 'CNY', '{"field_0":"@霍振威","field_1":"G007","field_2":"KN_0181","field_3":"46.236.206.135","field_4":"4c8g","field_5":"旗舰型Plus","field_6":"已完成","field_7":"13656786341"}'::jsonb, NULL, NULL, '2026-01-16T06:28:17.056Z', '2026-01-16T06:28:43.708Z'),
  ('c20a0a49-6a90-4f06-a0d0-1d6844ad4196', 'ed2f862f-2a36-4f28-b10f-5580b351e009', NULL, '导入资产-1768544897058', NULL, 'active', 'b11f399e-fd69-43db-8339-83f4f9c0dd9e', NULL, '4ce305ea-6508-4991-af9e-5786041716c9', NULL, NULL, 'CNY', '{"field_0":"@霍振威","field_1":"CWZ","field_2":"CWZ_009","field_3":"82.21.81.111","field_4":"4c8g","field_5":"旗舰型Plus","field_6":"已完成","field_7":"13656786342"}'::jsonb, NULL, NULL, '2026-01-16T06:28:17.061Z', '2026-01-16T06:28:43.708Z'),
  ('94bcdc69-e1c8-48bc-bdde-83147e956e98', 'ed2f862f-2a36-4f28-b10f-5580b351e009', NULL, '导入资产-1768544897063', NULL, 'active', 'b11f399e-fd69-43db-8339-83f4f9c0dd9e', NULL, '9eeddfe1-8515-4cd8-b003-b8a411e42e6e', NULL, NULL, 'CNY', '{"field_0":"@霍振威","field_1":"Remax","field_2":"RM_003","field_3":"38.106.4.250","field_4":"4c8g","field_5":"旗舰型Plus","field_6":"已完成","field_7":"13656786343"}'::jsonb, NULL, NULL, '2026-01-16T06:28:17.064Z', '2026-01-16T06:28:43.708Z'),
  ('094da06d-b073-4972-bcd7-5048beadbda5', 'ed2f862f-2a36-4f28-b10f-5580b351e009', NULL, '导入资产-1768544897068', NULL, 'active', 'b11f399e-fd69-43db-8339-83f4f9c0dd9e', NULL, NULL, NULL, NULL, 'CNY', '{"field_3":"38.106.5.6","field_4":"4c8g","field_5":"旗舰型Plus","field_6":"已完成","field_7":"13656786344"}'::jsonb, NULL, NULL, '2026-01-16T06:28:17.070Z', '2026-01-16T06:28:43.708Z'),
  ('61b3d92d-13d6-45ae-b4e9-5fd5d6652f3e', 'ed2f862f-2a36-4f28-b10f-5580b351e009', NULL, '导入资产-1768544897072', NULL, 'active', 'b11f399e-fd69-43db-8339-83f4f9c0dd9e', NULL, NULL, NULL, NULL, 'CNY', '{"field_3":"38.98.235.46","field_4":"4c8g","field_5":"旗舰型Plus","field_6":"已完成","field_7":"13656786345"}'::jsonb, NULL, NULL, '2026-01-16T06:28:17.074Z', '2026-01-16T06:28:43.708Z'),
  ('767fc26a-6e63-46ca-8c01-5c4f637d6491', 'ed2f862f-2a36-4f28-b10f-5580b351e009', NULL, '导入资产-1768544897080', NULL, 'active', 'b11f399e-fd69-43db-8339-83f4f9c0dd9e', NULL, NULL, NULL, NULL, 'CNY', '{"field_3":"38.79.96.217","field_4":"4c8g","field_5":"旗舰型Plus","field_7":"13656786346"}'::jsonb, NULL, NULL, '2026-01-16T06:28:17.081Z', '2026-01-16T06:28:43.708Z'),
  ('23f21ca8-f0a1-479b-9534-fb73da62b3f0', 'ed2f862f-2a36-4f28-b10f-5580b351e009', 'e0848c3d-8aaa-48fe-a2ee-6e09473f7548', '导入资产-1768544947131', NULL, 'active', '71ca49e6-7ba8-42d9-be5b-eb2f87136b34', NULL, '9eeddfe1-8515-4cd8-b003-b8a411e42e6e', NULL, NULL, 'CNY', '{"field_0":"@霍振威","field_1":"Remax","field_3":"38.79.96.217","field_4":"2c4g","field_5":"基础型","field_6":"已完成","field_7":"13656786334"}'::jsonb, NULL, NULL, '2026-01-16T06:29:07.133Z', '2026-01-16T06:29:07.133Z'),
  ('352c1353-09d7-44e4-82d2-df5f78d6d28b', 'ed2f862f-2a36-4f28-b10f-5580b351e009', 'e0848c3d-8aaa-48fe-a2ee-6e09473f7548', '导入资产-1768544947138', NULL, 'active', '71ca49e6-7ba8-42d9-be5b-eb2f87136b34', NULL, '9eeddfe1-8515-4cd8-b003-b8a411e42e6e', NULL, NULL, 'CNY', '{"field_0":"@霍振威","field_1":"Remax","field_3":"177.125.77.178","field_4":"2c4g","field_5":"基础型","field_6":"已完成","field_7":"13656786335"}'::jsonb, NULL, NULL, '2026-01-16T06:29:07.140Z', '2026-01-16T06:29:07.140Z'),
  ('339a8b3d-c659-4566-81d4-bb4735143649', 'ed2f862f-2a36-4f28-b10f-5580b351e009', 'e0848c3d-8aaa-48fe-a2ee-6e09473f7548', '导入资产-1768544947143', NULL, 'active', '38f7b695-81c8-4df1-9bf2-af8849ca1144', NULL, NULL, NULL, NULL, 'CNY', '{"field_0":"@张杰","field_1":"Launcher","field_2":"GLC_003","field_3":"38.94.223.18","field_4":"4c8g","field_5":"旗舰型Plus","field_6":"已完成","field_7":"13656786336"}'::jsonb, NULL, NULL, '2026-01-16T06:29:07.144Z', '2026-01-16T06:29:07.144Z'),
  ('9adc956d-2090-4659-b239-9f5d253b2203', 'ed2f862f-2a36-4f28-b10f-5580b351e009', 'e0848c3d-8aaa-48fe-a2ee-6e09473f7548', '导入资产-1768544947147', NULL, 'active', '71ca49e6-7ba8-42d9-be5b-eb2f87136b34', NULL, '4ce305ea-6508-4991-af9e-5786041716c9', NULL, NULL, 'CNY', '{"field_0":"@霍振威","field_1":"CWZ","field_2":"CWZ_007","field_3":"203.168.247.87","field_4":"4c8g","field_5":"旗舰型Plus","field_6":"已完成","field_7":"13656786337"}'::jsonb, NULL, NULL, '2026-01-16T06:29:07.149Z', '2026-01-16T06:29:07.149Z'),
  ('3233ba8e-6573-4f10-85c1-33eccfe482df', 'ed2f862f-2a36-4f28-b10f-5580b351e009', 'e0848c3d-8aaa-48fe-a2ee-6e09473f7548', '导入资产-1768544947150', NULL, 'active', '71ca49e6-7ba8-42d9-be5b-eb2f87136b34', NULL, '4ce305ea-6508-4991-af9e-5786041716c9', NULL, NULL, 'CNY', '{"field_0":"@霍振威","field_1":"CWZ","field_2":"CWZ_008","field_3":"74.163.176.93","field_4":"4c8g","field_5":"旗舰型Plus","field_6":"已完成","field_7":"13656786338"}'::jsonb, NULL, NULL, '2026-01-16T06:29:07.152Z', '2026-01-16T06:29:07.152Z'),
  ('b9535e0b-b05d-41d3-ab90-f1ae192921d0', 'ed2f862f-2a36-4f28-b10f-5580b351e009', 'e0848c3d-8aaa-48fe-a2ee-6e09473f7548', '导入资产-1768544947154', NULL, 'active', '71ca49e6-7ba8-42d9-be5b-eb2f87136b34', NULL, '4ea6948b-1f19-4be3-942c-0d6d34d318e9', NULL, NULL, 'CNY', '{"field_0":"@霍振威","field_1":"G007","field_2":"KN_0180","field_3":"80.93.193.32","field_4":"4c8g","field_5":"旗舰型Plus","field_6":"已完成","field_7":"13656786339"}'::jsonb, NULL, NULL, '2026-01-16T06:29:07.156Z', '2026-01-16T06:29:07.156Z'),
  ('ad57192e-fc29-4656-828a-2a6aa3efeafe', 'ed2f862f-2a36-4f28-b10f-5580b351e009', 'e0848c3d-8aaa-48fe-a2ee-6e09473f7548', '导入资产-1768544947158', NULL, 'active', '71ca49e6-7ba8-42d9-be5b-eb2f87136b34', NULL, NULL, NULL, NULL, 'CNY', '{"field_0":"@霍振威","field_1":"Launcher","field_2":"GLC_004","field_3":"45.192.13.65","field_4":"4c8g","field_5":"旗舰型Plus","field_6":"已完成","field_7":"13656786340"}'::jsonb, NULL, NULL, '2026-01-16T06:29:07.160Z', '2026-01-16T06:29:07.160Z'),
  ('1aa13a58-8493-4fbb-8fb8-ba329f9c612b', 'ed2f862f-2a36-4f28-b10f-5580b351e009', 'e0848c3d-8aaa-48fe-a2ee-6e09473f7548', '导入资产-1768544947162', NULL, 'active', '71ca49e6-7ba8-42d9-be5b-eb2f87136b34', NULL, '4ea6948b-1f19-4be3-942c-0d6d34d318e9', NULL, NULL, 'CNY', '{"field_0":"@霍振威","field_1":"G007","field_2":"KN_0181","field_3":"46.236.206.135","field_4":"4c8g","field_5":"旗舰型Plus","field_6":"已完成","field_7":"13656786341"}'::jsonb, NULL, NULL, '2026-01-16T06:29:07.163Z', '2026-01-16T06:29:07.163Z'),
  ('2adb0b3a-f110-40ec-8753-2cfa3166740f', 'ed2f862f-2a36-4f28-b10f-5580b351e009', 'e0848c3d-8aaa-48fe-a2ee-6e09473f7548', '导入资产-1768544947166', NULL, 'active', '71ca49e6-7ba8-42d9-be5b-eb2f87136b34', NULL, '4ce305ea-6508-4991-af9e-5786041716c9', NULL, NULL, 'CNY', '{"field_0":"@霍振威","field_1":"CWZ","field_2":"CWZ_009","field_3":"82.21.81.111","field_4":"4c8g","field_5":"旗舰型Plus","field_6":"已完成","field_7":"13656786342"}'::jsonb, NULL, NULL, '2026-01-16T06:29:07.168Z', '2026-01-16T06:29:07.168Z'),
  ('6c2896b7-bc22-4684-bdbd-5da56d1cf7d7', 'ed2f862f-2a36-4f28-b10f-5580b351e009', 'e0848c3d-8aaa-48fe-a2ee-6e09473f7548', '导入资产-1768544947170', NULL, 'active', '71ca49e6-7ba8-42d9-be5b-eb2f87136b34', NULL, '9eeddfe1-8515-4cd8-b003-b8a411e42e6e', NULL, NULL, 'CNY', '{"field_0":"@霍振威","field_1":"Remax","field_2":"RM_003","field_3":"38.106.4.250","field_4":"4c8g","field_5":"旗舰型Plus","field_6":"已完成","field_7":"13656786343"}'::jsonb, NULL, NULL, '2026-01-16T06:29:07.172Z', '2026-01-16T06:29:07.172Z'),
  ('c16ee94f-3ba4-43c6-89a2-d915a256473e', 'ed2f862f-2a36-4f28-b10f-5580b351e009', 'e0848c3d-8aaa-48fe-a2ee-6e09473f7548', '导入资产-1768544947174', NULL, 'active', 'b11f399e-fd69-43db-8339-83f4f9c0dd9e', NULL, NULL, NULL, NULL, 'CNY', '{"field_3":"38.106.5.6","field_4":"4c8g","field_5":"旗舰型Plus","field_6":"已完成","field_7":"13656786344"}'::jsonb, NULL, NULL, '2026-01-16T06:29:07.177Z', '2026-01-16T06:29:07.177Z'),
  ('3777db8e-5945-4cb8-aa3d-2931cdae22f1', 'ed2f862f-2a36-4f28-b10f-5580b351e009', 'e0848c3d-8aaa-48fe-a2ee-6e09473f7548', '导入资产-1768544947179', NULL, 'active', 'b11f399e-fd69-43db-8339-83f4f9c0dd9e', NULL, NULL, NULL, NULL, 'CNY', '{"field_3":"38.98.235.46","field_4":"4c8g","field_5":"旗舰型Plus","field_6":"已完成","field_7":"13656786345"}'::jsonb, NULL, NULL, '2026-01-16T06:29:07.181Z', '2026-01-16T06:29:07.181Z'),
  ('7772f524-b872-4cea-940d-8184661e8ebd', 'ed2f862f-2a36-4f28-b10f-5580b351e009', 'e0848c3d-8aaa-48fe-a2ee-6e09473f7548', '导入资产-1768544947183', NULL, 'active', 'b11f399e-fd69-43db-8339-83f4f9c0dd9e', NULL, NULL, NULL, NULL, 'CNY', '{"field_3":"38.79.96.217","field_4":"4c8g","field_5":"旗舰型Plus","field_7":"13656786346"}'::jsonb, NULL, NULL, '2026-01-16T06:29:07.185Z', '2026-01-16T06:29:07.185Z'),
  ('d81773e9-1044-437f-97aa-e045d7d6e5f6', '9ec625bf-5735-41a4-b181-5f3fa3201ddf', 'cce26e0e-228d-45a6-9a8f-9d5a4a928d50', '资产-1768807216567', NULL, 'active', '38f7b695-81c8-4df1-9bf2-af8849ca1144', NULL, '9afcb9d1-58d1-4661-9d9c-016da33af56a', NULL, NULL, 'CNY', '{"2":"234","112":"234","owner_id":"38f7b695-81c8-4df1-9bf2-af8849ca1144","description":"qqq","zhang_hao_e6b7a399":"hhh","field_398a51bc_1768298125316":"234","field_822c336c_1768298125305":["CWZ","T007"],"field_b71a9634_1768298125310":"123","field_d1c82b81_1768556907009":"234","field_fbbb6881_1768556907012":"234"}'::jsonb, NULL, NULL, '2026-01-19T07:20:16.567Z', '2026-01-19T07:20:16.567Z');
